Metric,Average,Standard Deviation
Red Count,6.2,2.785677655436824
Green Count,2.8,1.5999999999999999
Blue Count,0.6,0.8
Total Count,9.6,2.6907248094147422
