Metric,Average,Standard Deviation
Red Count,6.4,2.65329983228432
Green Count,3.2,1.8867962264113207
Blue Count,0.8,0.7483314773547883
Total Count,10.4,2.33238075793812
